State,District,Name,URL,Party,Office Room,Phone,Committee Assignment
"Alabama","1st","Moore, Barry","https://barrymoore.house.gov","R","1511 LHOB","(202) 225-2901","Agriculture;Judiciary"
"Alabama","2nd","Figures, Shomari","https://figures.house.gov/","D","225 CHOB","(202) 225-4931","Agriculture;Transportation and Infrastructure"
"Alabama","3rd","Rogers, Mike","https://mikerogers.house.gov/","R","2469 RHOB","(202) 225-3261","Armed Services"
"Alabama","4th","Aderholt, Robert","https://aderholt.house.gov/","R","272 CHOB","(202) 225-4876","Appropriations"
"Alabama","5th","Strong, Dale","https://strong.house.gov","R","449 CHOB","(202) 225-4801","Appropriations;Homeland Security"
"Alabama","6th","Palmer, Gary","https://palmer.house.gov/","R","170 CHOB","(202) 225-4921","Oversight and Government Reform;Energy and Commerce"
"Alabama","7th","Sewell, Terri","https://sewell.house.gov/","D","1035 LHOB","(202) 225-2665","House Administration;Ways and Means"
"Alaska","At Large","Begich, Nicholas","https://begich.house.gov/","R","153 CHOB","(202) 225-5765","Natural Resources;Transportation and Infrastructure;Science, Space, and Technology"
"American Samoa","Delegate","Radewagen, Aumua Amata","https://radewagen.house.gov","R","2001 RHOB","(202) 225-8577","Foreign Affairs;Natural Resources;Veterans' Affairs"
"Arizona","1st","Schweikert, David","https://schweikert.house.gov/","R","166 CHOB","(202) 225-2190","Ways and Means"
"Arizona","2nd","Crane, Elijah","https://crane.house.gov","R","307 CHOB","(202) 225-3361","Oversight and Government Reform;Homeland Security"
"Arizona","3rd","Ansari, Yassamin","https://ansari.house.gov/","D","1432 LHOB","(202) 225-4065","Oversight and Government Reform;Natural Resources"
"Arizona","4th","Stanton, Greg","https://stanton.house.gov/","D","207 CHOB","(202) 225-9888","Foreign Affairs;Transportation and Infrastructure;Select Comm on the Strategic Competition US and China"
"Arizona","5th","Biggs, Andy","https://biggs.house.gov","R","464 CHOB","(202) 225-2635","Oversight and Government Reform;Judiciary"
"Arizona","6th","Ciscomani, Juan","https://ciscomani.house.gov","R","461 CHOB","(202) 225-2542","Appropriations;Veterans' Affairs"
"Arizona","7th","Grijalva, Ra√∫l M.- Vacancy","https://clerk.house.gov/members/AZ07/vacancy","D","1203 LHOB","(202) 225-2435",""
"Arizona","8th","Hamadeh, Abraham","https://hamadeh.house.gov/","R","1722 LHOB","(202) 225-4576","Armed Services;Veterans' Affairs"
"Arizona","9th","Gosar, Paul","https://gosar.house.gov/","R","2057 RHOB","(202) 225-2315","Oversight and Government Reform;Natural Resources"
"Arkansas","1st","Crawford, Eric","https://crawford.house.gov/","R","2422 RHOB","(202) 225-4076","Agriculture;Intelligence;Transportation and Infrastructure"
"Arkansas","2nd","Hill, J.","https://hill.house.gov/","R","1533 LHOB","(202) 225-2506","Financial Services;Intelligence"
"Arkansas","3rd","Womack, Steve","https://womack.house.gov/","R","2412 RHOB","(202) 225-4301","Appropriations"
"Arkansas","4th","Westerman, Bruce","https://westerman.house.gov/","R","202 CHOB","(202) 225-3772","Natural Resources;Transportation and Infrastructure"
"California","1st","LaMalfa, Doug","https://lamalfa.house.gov","R","408 CHOB","(202) 225-3076","Agriculture;Natural Resources;Transportation and Infrastructure"
"California","2nd","Huffman, Jared","https://huffman.house.gov","D","2330 RHOB","(202) 225-5161","Natural Resources;Transportation and Infrastructure"
"California","3rd","Kiley, Kevin","https://kiley.house.gov","R","2445 RHOB","(202) 225-2523","Education and Workforce;Judiciary;Transportation and Infrastructure"
"California","4th","Thompson, Mike","https://mikethompson.house.gov/","D","268 CHOB","(202) 225-3311","Ways and Means"
"California","5th","McClintock, Tom","https://mcclintock.house.gov/","R","2256 RHOB","(202) 225-2511","Budget;Natural Resources;Judiciary"
"California","6th","Bera, Ami","https://bera.house.gov","D","172 CHOB","(202) 225-5716","Foreign Affairs;Intelligence"
"California","7th","Matsui, Doris","https://matsui.house.gov","D","2206 RHOB","(202) 225-7163","Energy and Commerce"
"California","8th","Garamendi, John","https://garamendi.house.gov/","D","2428 RHOB","(202) 225-1880","Armed Services;Transportation and Infrastructure"
"California","9th","Harder, Josh","https://harder.house.gov/","D","209 CHOB","(202) 225-4540","Appropriations"
"California","10th","DeSaulnier, Mark","https://desaulnier.house.gov/","D","2134 RHOB","(202) 225-2095","Education and Workforce;Transportation and Infrastructure;Ethics"
"California","11th","Pelosi, Nancy","https://pelosi.house.gov/","D","1236 LHOB","(202) 225-4965",""
"California","12th","Simon, Lateefah","https://simon.house.gov/","D","1023 LHOB","(202) 225-2661","Oversight and Government Reform;Small Business"
"California","13th","Gray, Adam","https://gray.house.gov/","D","1230 LHOB","(202) 225-1947","Agriculture;Natural Resources"
"California","14th","Swalwell, Eric","https://swalwell.house.gov","D","174 CHOB","(202) 225-5065","Homeland Security;Judiciary"
"California","15th","Mullin, Kevin","https://kevinmullin.house.gov","D","1404 LHOB","(202) 225-3531","Energy and Commerce"
"California","16th","Liccardo, Sam","https://liccardo.house.gov/","D","1117 LHOB","(202) 225-8104","Financial Services"
"California","17th","Khanna, Ro","https://khanna.house.gov","D","306 CHOB","(202) 225-2631","Armed Services;Oversight and Government Reform;Select Comm on the Strategic Competition US and China"
"California","18th","Lofgren, Zoe","https://lofgren.house.gov/","D","1401 LHOB","(202) 225-3072","Judiciary;Science, Space, and Technology"
"California","19th","Panetta, Jimmy","https://panetta.house.gov","D","200 CHOB","(202) 225-2861","Budget;Ways and Means"
"California","20th","Fong, Vince","https://fong.house.gov/","R","243 CHOB","(202) 225-2915","Transportation and Infrastructure;Science, Space, and Technology"
"California","21st","Costa, Jim","https://costa.house.gov/","D","2081 RHOB","(202) 225-3341","Agriculture;Foreign Affairs"
"California","22nd","Valadao, David","https://valadao.house.gov","R","2465 RHOB","(202) 225-4695","Appropriations;Joint Committee of Congress on the Library"
"California","23rd","Obernolte, Jay","https://obernolte.house.gov","R","2433 RHOB","(202) 225-5861","Budget;Energy and Commerce;Science, Space, and Technology"
"California","24th","Carbajal, Salud","https://carbajal.house.gov","D","2331 RHOB","(202) 225-3601","Agriculture;Armed Services;Transportation and Infrastructure"
"California","25th","Ruiz, Raul","https://ruiz.house.gov","D","2342 RHOB","(202) 225-5330","Energy and Commerce"
"California","26th","Brownley, Julia","https://juliabrownley.house.gov","D","2262 RHOB","(202) 225-5811","Natural Resources;Transportation and Infrastructure;Veterans' Affairs"
"California","27th","Whitesides, George","https://whitesides.house.gov/","D","1504 LHOB","(202) 225-1956","Armed Services;Science, Space, and Technology"
"California","28th","Chu, Judy","https://chu.house.gov/","D","2423 RHOB","(202) 225-5464","Budget;Ways and Means"
"California","29th","Rivas, Luz","https://rivas.house.gov/","D","1319 LHOB","(202) 225-6131","Natural Resources;Science, Space, and Technology"
"California","30th","Friedman, Laura","https://friedman.house.gov/","D","1517 LHOB","(202) 225-4176","Transportation and Infrastructure;Science, Space, and Technology"
"California","31st","Cisneros, Gilbert","https://cisneros.house.gov/","D","2463 RHOB","(202) 225-5256","Armed Services;Small Business"
"California","32nd","Sherman, Brad","https://sherman.house.gov","D","2365 RHOB","(202) 225-5911","Financial Services;Foreign Affairs"
"California","33rd","Aguilar, Pete","https://aguilar.house.gov/","D","108 CHOB","(202) 225-3201","Appropriations"
"California","34th","Gomez, Jimmy","https://gomez.house.gov/","D","506 CHOB","(202) 225-6235","Intelligence;Ways and Means"
"California","35th","Torres, Norma","https://torres.house.gov/","D","2227 RHOB","(202) 225-6161","Appropriations;House Administration"
"California","36th","Lieu, Ted","https://lieu.house.gov/","D","2454 RHOB","(202) 225-3976","Foreign Affairs;Judiciary"
"California","37th","Kamlager-Dove, Sydney","https://kamlager-dove.house.gov","D","144 CHOB","(202) 225-7084","Foreign Affairs;Judiciary"
"California","38th","Sanchez, Linda","https://lindasanchez.house.gov/","D","2309 RHOB","(202) 225-6676","Ways and Means"
"California","39th","Takano, Mark","https://takano.house.gov","D","2078 RHOB","(202) 225-2305","Education and Workforce;Veterans' Affairs"
"California","40th","Kim, Young","https://youngkim.house.gov","R","2439 RHOB","(202) 225-4111","Financial Services;Foreign Affairs;Select Comm on the Strategic Competition US and China"
"California","41st","Calvert, Ken","https://calvert.house.gov/","R","2205 RHOB","(202) 225-1986","Appropriations"
"California","42nd","Garcia, Robert","https://robertgarcia.house.gov","D","109 CHOB","(202) 225-7924","Oversight and Government Reform;Homeland Security;Transportation and Infrastructure"
"California","43rd","Waters, Maxine","https://waters.house.gov","D","2221 RHOB","(202) 225-2201","Financial Services"
"California","44th","Barragan, Nanette","https://barragan.house.gov","D","2312 RHOB","(202) 225-8220","Energy and Commerce"
"California","45th","Tran, Derek","https://tran.house.gov/","D","1127 LHOB","(202) 225-2415","Armed Services;Small Business"
"California","46th","Correa, J.","https://correa.house.gov","D","2082 RHOB","(202) 225-2965","Homeland Security;Judiciary"
"California","47th","Min, Dave","https://min.house.gov/","D","1034 LHOB","(202) 225-5611","Oversight and Government Reform;Natural Resources"
"California","48th","Issa, Darrell","https://issa.house.gov","R","2108 RHOB","(202) 225-5672","Foreign Affairs;Judiciary;Science, Space, and Technology"
"California","49th","Levin, Mike","https://levin.house.gov/","D","2352 RHOB","(202) 225-3906","Appropriations"
"California","50th","Peters, Scott","https://scottpeters.house.gov","D","2369 RHOB","(202) 225-0508","Budget;Energy and Commerce"
"California","51st","Jacobs, Sara","https://sarajacobs.house.gov","D","2348 RHOB","(202) 225-2040","Armed Services;Foreign Affairs"
"California","52nd","Vargas, Juan","https://vargas.house.gov","D","2467 RHOB","(202) 225-8045","Financial Services"
"Colorado","1st","DeGette, Diana","https://degette.house.gov","D","2111 RHOB","(202) 225-4431","Energy and Commerce"
"Colorado","2nd","Neguse, Joe","https://neguse.house.gov/","D","2400 RHOB","(202) 225-2161","Natural Resources;Judiciary;Rules"
"Colorado","3rd","Hurd, Jeff","https://hurd.house.gov/","R","1641 LHOB","(202) 225-4676","Natural Resources;Transportation and Infrastructure;Science, Space, and Technology"
"Colorado","4th","Boebert, Lauren","https://boebert.house.gov","R","1713 LHOB","(202) 225-4761","Oversight and Government Reform;Natural Resources"
"Colorado","5th","Crank, Jeff","https://crank.house.gov/","R","1029 LHOB","(202) 225-4422","Armed Services;Natural Resources"
"Colorado","6th","Crow, Jason","https://crow.house.gov/","D","1323 LHOB","(202) 225-7882","Armed Services;Intelligence"
"Colorado","7th","Pettersen, Brittany","https://pettersen.house.gov","D","348 CHOB","(202) 225-2645","Financial Services"
"Colorado","8th","Evans, Gabe","https://gabeevans.house.gov/","R","1229 LHOB","(202) 225-5625","Homeland Security;Energy and Commerce"
"Connecticut","1st","Larson, John","https://larson.house.gov/","D","1501 LHOB","(202) 225-2265","Ways and Means"
"Connecticut","2nd","Courtney, Joe","https://courtney.house.gov/","D","2449 RHOB","(202) 225-2076","Armed Services;Education and Workforce"
"Connecticut","3rd","DeLauro, Rosa","https://delauro.house.gov/","D","2413 RHOB","(202) 225-3661","Appropriations"
"Connecticut","4th","Himes, James","https://himes.house.gov/","D","2137 RHOB","(202) 225-5541","Financial Services;Intelligence"
"Connecticut","5th","Hayes, Jahana","https://hayes.house.gov","D","2049 RHOB","(202) 225-4476","Agriculture;Education and Workforce"
"Delaware","At Large","McBride, Sarah","https://mcbride.house.gov/","D","1306 LHOB","(202) 225-4165","Foreign Affairs;Science, Space, and Technology"
"District of Columbia","Delegate","Norton, Eleanor","https://norton.house.gov/","D","2136 RHOB","(202) 225-8050","Oversight and Government Reform;Transportation and Infrastructure"
"Florida","1st","Patronis, Jimmy","https://patronis.house.gov/","R","2021 RHOB","(202) 225-4136","Transportation and Infrastructure;Small Business"
"Florida","2nd","Dunn, Neal","https://dunn.house.gov","R","466 CHOB","(202) 225-5235","Energy and Commerce;Select Comm on the Strategic Competition US and China"
"Florida","3rd","Cammack, Kat","https://cammack.house.gov","R","2421 RHOB","(202) 225-5744","Agriculture;Energy and Commerce"
"Florida","4th","Bean, Aaron","https://bean.house.gov","R","2459 RHOB","(202) 225-0123","Ways and Means"
"Florida","5th","Rutherford, John","https://rutherford.house.gov","R","1711 LHOB","(202) 225-2501","Appropriations;Ethics"
"Florida","6th","Fine, Randy","https://fine.house.gov/","R","244 CHOB","(202) 225-2706","Education and Workforce"
"Florida","7th","Mills, Cory","https://mills.house.gov","R","346 CHOB","(202) 225-4035","Armed Services;Foreign Affairs"
"Florida","8th","Haridopolos, Mike","https://haridopolos.house.gov/","R","1039 LHOB","(202) 225-3671","Financial Services;Science, Space, and Technology"
"Florida","9th","Soto, Darren","https://soto.house.gov","D","2353 RHOB","(202) 225-9889","Energy and Commerce;Natural Resources"
"Florida","10th","Frost, Maxwell","https://frost.house.gov","D","1224 LHOB","(202) 225-2176","Oversight and Government Reform;Science, Space, and Technology"
"Florida","11th","Webster, Daniel","https://webster.house.gov/","R","2184 RHOB","(202) 225-1002","Natural Resources;Transportation and Infrastructure;Science, Space, and Technology"
"Florida","12th","Bilirakis, Gus","https://bilirakis.house.gov/","R","2306 RHOB","(202) 225-5755","Energy and Commerce;Select Comm on the Strategic Competition US and China"
"Florida","13th","Luna, Anna Paulina","https://luna.house.gov","R","226 CHOB","(202) 225-5961","Foreign Affairs;Oversight and Government Reform"
"Florida","14th","Castor, Kathy","https://castor.house.gov/","D","2188 RHOB","(202) 225-3376","Energy and Commerce;Select Comm on the Strategic Competition US and China"
"Florida","15th","Lee, Laurel","https://laurellee.house.gov","R","2464 RHOB","(202) 225-5626","House Administration;Energy and Commerce;Judiciary"
"Florida","16th","Buchanan, Vern","https://buchanan.house.gov/","R","2409 RHOB","(202) 225-5015","Joint Committee on Taxation;Ways and Means"
"Florida","17th","Steube, W.","https://steube.house.gov/","R","2457 RHOB","(202) 225-5792","Intelligence;Ways and Means"
"Florida","18th","Franklin, Scott","https://franklin.house.gov","R","2301 RHOB","(202) 225-1252","Appropriations;Science, Space, and Technology"
"Florida","19th","Donalds, Byron","https://donalds.house.gov","R","1710 LHOB","(202) 225-2536","Financial Services;Oversight and Government Reform"
"Florida","20th","Cherfilus-McCormick, Sheila","https://cherfilus-mccormick.house.gov/","D","2442 RHOB","(202) 225-1313","Foreign Affairs;Veterans' Affairs"
"Florida","21st","Mast, Brian","https://mast.house.gov","R","2182 RHOB","(202) 225-3026","Foreign Affairs;Transportation and Infrastructure"
"Florida","22nd","Frankel, Lois","https://frankel.house.gov","D","2305 RHOB","(202) 225-9890","Appropriations"
"Florida","23rd","Moskowitz, Jared","https://moskowitz.house.gov","D","242 CHOB","(202) 225-3001","Foreign Affairs;Judiciary"
"Florida","24th","Wilson, Frederica","https://wilson.house.gov/","D","2080 RHOB","(202) 225-4506","Education and Workforce;Transportation and Infrastructure"
"Florida","25th","Wasserman Schultz, Debbie","https://wassermanschultz.house.gov/","D","270 CHOB","(202) 225-7931","Appropriations"
"Florida","26th","Diaz-Balart, Mario","https://mariodiazbalart.house.gov/","R","374 CHOB","(202) 225-4211","Appropriations"
"Florida","27th","Salazar, Maria","https://salazar.house.gov","R","2162 RHOB","(202) 225-3931","Financial Services;Foreign Affairs"
"Florida","28th","Gimenez, Carlos","https://gimenez.house.gov","R","448 CHOB","(202) 225-2778","Armed Services;Homeland Security;Select Comm on the Strategic Competition US and China"
"Georgia","1st","Carter, Earl","https://buddycarter.house.gov/","R","2432 RHOB","(202) 225-5831","Budget;Energy and Commerce"
"Georgia","2nd","Bishop, Sanford","https://bishop.house.gov/","D","2407 RHOB","(202) 225-3631","Appropriations"
"Georgia","3rd","Jack, Brian","https://jack.house.gov/","R","1320 LHOB","(202) 225-5901","Oversight and Government Reform;Rules;Small Business"
"Georgia","4th","Johnson, Henry","https://hankjohnson.house.gov/","D","2240 RHOB","(202) 225-1605","Judiciary;Transportation and Infrastructure"
"Georgia","5th","Williams, Nikema","https://nikemawilliams.house.gov","D","1406 LHOB","(202) 225-3801","Financial Services"
"Georgia","6th","McBath, Lucy","https://mcbath.house.gov","D","2246 RHOB","(202) 225-4501","Education and Workforce;Judiciary"
"Georgia","7th","McCormick, Richard","https://mccormick.house.gov","R","1719 LHOB","(202) 225-4272","Armed Services;Foreign Affairs;Science, Space, and Technology"
"Georgia","8th","Scott, Austin","https://austinscott.house.gov/","R","2185 RHOB","(202) 225-6531","Agriculture;Armed Services;Intelligence;Rules"
"Georgia","9th","Clyde, Andrew","https://clyde.house.gov","R","445 CHOB","(202) 225-9893","Appropriations;Budget"
"Georgia","10th","Collins, Mike","https://collins.house.gov","R","2351 RHOB","(202) 225-4101","Natural Resources;Transportation and Infrastructure;Science, Space, and Technology"
"Georgia","11th","Loudermilk, Barry","https://loudermilk.house.gov","R","2133 RHOB","(202) 225-2931","Financial Services;House Administration"
"Georgia","12th","Allen, Rick","https://allen.house.gov","R","462 CHOB","(202) 225-2823","Education and Workforce;Energy and Commerce"
"Georgia","13th","Scott, David","https://davidscott.house.gov/","D","468 CHOB","(202) 225-2939","Agriculture;Financial Services"
"Georgia","14th","Greene, Marjorie","https://greene.house.gov","R","2201 RHOB","(202) 225-5211","Oversight and Government Reform;Homeland Security"
"Guam","Delegate","Moylan, James","https://moylan.house.gov","R","228 CHOB","(202) 225-1188","Armed Services;Education and Workforce;Foreign Affairs"
"Hawaii","1st","Case, Ed","https://case.house.gov/","D","2210 RHOB","(202) 225-2726","Appropriations"
"Hawaii","2nd","Tokuda, Jill","https://tokuda.house.gov","D","1027 LHOB","(202) 225-4906","Agriculture;Armed Services;Select Comm on the Strategic Competition US and China"
"Idaho","1st","Fulcher, Russ","https://fulcher.house.gov/","R","1514 LHOB","(202) 225-6611","Energy and Commerce;Natural Resources"
"Idaho","2nd","Simpson, Michael","https://simpson.house.gov","R","2084 RHOB","(202) 225-5531","Appropriations"
"Illinois","1st","Jackson, Jonathan","https://jonathanjackson.house.gov","D","1632 LHOB","(202) 225-4372","Agriculture;Foreign Affairs"
"Illinois","2nd","Kelly, Robin","https://robinkelly.house.gov/","D","2329 RHOB","(202) 225-0773","Energy and Commerce"
"Illinois","3rd","Ramirez, Delia","https://ramirez.house.gov","D","1523 LHOB","(202) 225-5701","Homeland Security;Veterans' Affairs"
"Illinois","4th","Garcia, Jesus","https://chuygarcia.house.gov/","D","2334 RHOB","(202) 225-8203","Judiciary;Transportation and Infrastructure"
"Illinois","5th","Quigley, Mike","https://quigley.house.gov/","D","2083 RHOB","(202) 225-4061","Appropriations;Intelligence"
"Illinois","6th","Casten, Sean","https://casten.house.gov","D","2440 RHOB","(202) 225-4561","Financial Services"
"Illinois","7th","Davis, Danny","https://davis.house.gov","D","2159 RHOB","(202) 225-5006","Ways and Means"
"Illinois","8th","Krishnamoorthi, Raja","https://krishnamoorthi.house.gov","D","2367 RHOB","(202) 225-3711","Oversight and Government Reform;Intelligence;Select Comm on the Strategic Competition US and China"
"Illinois","9th","Schakowsky, Janice","https://schakowsky.house.gov","D","2408 RHOB","(202) 225-2111","Energy and Commerce"
"Illinois","10th","Schneider, Bradley","https://schneider.house.gov","D","300 CHOB","(202) 225-4835","Foreign Affairs;Ways and Means"
"Illinois","11th","Foster, Bill","https://foster.house.gov","D","2366 RHOB","(202) 225-3515","Financial Services"
"Illinois","12th","Bost, Mike","https://bost.house.gov/","R","352 CHOB","(202) 225-5661","Agriculture;Transportation and Infrastructure;Veterans' Affairs"
"Illinois","13th","Budzinski, Nikki","https://budzinski.house.gov","D","1717 LHOB","(202) 225-2371","Agriculture;Veterans' Affairs"
"Illinois","14th","Underwood, Lauren","https://underwood.house.gov/","D","2228 RHOB","(202) 225-2976","Appropriations"
"Illinois","15th","Miller, Mary","https://marymiller.house.gov","R","1740 LHOB","(202) 225-5271","Agriculture;Education and Workforce;House Administration"
"Illinois","16th","LaHood, Darin","https://lahood.house.gov/","R","503 CHOB","(202) 225-6201","Intelligence;Ways and Means;Select Comm on the Strategic Competition US and China"
"Illinois","17th","Sorensen, Eric","https://sorensen.house.gov","D","1314 LHOB","(202) 225-5905","Agriculture;Armed Services"
"Indiana","1st","Mrvan, Frank","https://mrvan.house.gov","D","2441 RHOB","(202) 225-2461","Appropriations"
"Indiana","2nd","Yakym, Rudy","https://yakym.house.gov","R","349 CHOB","(202) 225-3915","Ways and Means"
"Indiana","3rd","Stutzman, Marlin","https://stutzman.house.gov/","R","404 CHOB","(202) 225-4436","Financial Services;Budget"
"Indiana","4th","Baird, James","https://baird.house.gov/","R","2303 RHOB","(202) 225-5037","Agriculture;Foreign Affairs;Science, Space, and Technology"
"Indiana","5th","Spartz, Victoria","https://spartz.house.gov","R","1609 LHOB","(202) 225-2276",""
"Indiana","6th","Shreve, Jefferson","https://shreve.house.gov/","R","224 CHOB","(202) 225-3021","Foreign Affairs;Transportation and Infrastructure"
"Indiana","7th","Carson, Andre","https://carson.house.gov/","D","2135 RHOB","(202) 225-4011","Intelligence;Transportation and Infrastructure;Select Comm on the Strategic Competition US and China"
"Indiana","8th","Messmer, Mark","https://messmer.house.gov/","R","1208 LHOB","(202) 225-4636","Agriculture;Armed Services;Education and Workforce"
"Indiana","9th","Houchin, Erin","https://houchin.house.gov","R","342 CHOB","(202) 225-5315","Budget;Energy and Commerce;Rules"
"Iowa","1st","Miller-Meeks, Mariannette","https://millermeeks.house.gov/","R","504 CHOB","(202) 225-6576","Energy and Commerce;Veterans' Affairs"
"Iowa","2nd","Hinson, Ashley","https://hinson.house.gov","R","2458 RHOB","(202) 225-2911","Appropriations;Ethics;Select Comm on the Strategic Competition US and China"
"Iowa","3rd","Nunn, Zachary","https://nunn.house.gov","R","1410 LHOB","(202) 225-5476","Agriculture;Financial Services;Select Comm on the Strategic Competition US and China"
"Iowa","4th","Feenstra, Randy","https://feenstra.house.gov","R","2434 RHOB","(202) 225-4426","Agriculture;Ways and Means"
"Kansas","1st","Mann, Tracey","https://mann.house.gov","R","344 CHOB","(202) 225-2715","Agriculture;Transportation and Infrastructure"
"Kansas","2nd","Schmidt, Derek","https://schmidt.house.gov/","R","1223 LHOB","(202) 225-6601","Armed Services;Judiciary;Small Business"
"Kansas","3rd","Davids, Sharice","https://davids.house.gov/","D","2435 RHOB","(202) 225-2865","Agriculture;Transportation and Infrastructure"
"Kansas","4th","Estes, Ron","https://estes.house.gov/","R","2234 RHOB","(202) 225-6216","Budget;Ways and Means"
"Kentucky","1st","Comer, James","https://comer.house.gov/","R","2410 RHOB","(202) 225-3115","Education and Workforce;Oversight and Government Reform"
"Kentucky","2nd","Guthrie, Brett","https://guthrie.house.gov/","R","2161 RHOB","(202) 225-3501","Energy and Commerce"
"Kentucky","3rd","McGarvey, Morgan","https://mcgarvey.house.gov","D","1527 LHOB","(202) 225-5401","Budget;Small Business;Veterans' Affairs"
"Kentucky","4th","Massie, Thomas","https://massie.house.gov","R","2371 RHOB","(202) 225-3465","Judiciary;Transportation and Infrastructure"
"Kentucky","5th","Rogers, Harold","https://halrogers.house.gov/","R","2406 RHOB","(202) 225-4601","Appropriations"
"Kentucky","6th","Barr, Andy","https://barr.house.gov/","R","2430 RHOB","(202) 225-4706","Financial Services;Foreign Affairs;Select Comm on the Strategic Competition US and China"
"Louisiana","1st","Scalise, Steve","https://scalise.house.gov/","R","266 CHOB","(202) 225-3015",""
"Louisiana","2nd","Carter, Troy","https://troycarter.house.gov","D","442 CHOB","(202) 225-6636","Homeland Security;Energy and Commerce"
"Louisiana","3rd","Higgins, Clay","https://clayhiggins.house.gov","R","572 CHOB","(202) 225-2031","Armed Services;Oversight and Government Reform;Homeland Security"
"Louisiana","4th","Johnson, Mike","https://mikejohnson.house.gov","R","521 CHOB","(202) 225-2777",""
"Louisiana","5th","Letlow, Julia","https://letlow.house.gov","R","142 CHOB","(202) 225-8490","Appropriations;Education and Workforce"
"Louisiana","6th","Fields, Cleo","https://fields.house.gov/","D","2349 RHOB","(202) 225-3901","Financial Services"
"Maine","1st","Pingree, Chellie","https://pingree.house.gov/","D","2354 RHOB","(202) 225-6116","Agriculture;Appropriations"
"Maine","2nd","Golden, Jared","https://golden.house.gov","D","1107 LHOB","(202) 225-6306","Armed Services;Natural Resources"
"Maryland","1st","Harris, Andy","https://harris.house.gov/","R","1536 LHOB","(202) 225-5311","Appropriations"
"Maryland","2nd","Olszewski, Johnny","https://olszewski.house.gov/","D","1339 LHOB","(202) 225-3061","Foreign Affairs;Small Business"
"Maryland","3rd","Elfreth, Sarah","https://elfreth.house.gov/","D","1213 LHOB","(202) 225-4016","Armed Services;Natural Resources"
"Maryland","4th","Ivey, Glenn","https://ivey.house.gov","D","1610 LHOB","(202) 225-8699","Appropriations;Ethics"
"Maryland","5th","Hoyer, Steny","https://hoyer.house.gov/","D","1705 LHOB","(202) 225-4131","Appropriations"
"Maryland","6th","McClain Delaney, April","https://mcclaindelaney.house.gov/","D","1130 LHOB","(202) 225-2721","Agriculture;Science, Space, and Technology"
"Maryland","7th","Mfume, Kweisi","https://mfume.house.gov/","D","2263 RHOB","(202) 225-4741","Foreign Affairs;Oversight and Government Reform"
"Maryland","8th","Raskin, Jamie","https://raskin.house.gov","D","2242 RHOB","(202) 225-5341","Judiciary"
"Massachusetts","1st","Neal, Richard","https://neal.house.gov/","D","372 CHOB","(202) 225-5601","Joint Committee on Taxation;Ways and Means"
"Massachusetts","2nd","McGovern, James","https://mcgovern.house.gov/","D","370 CHOB","(202) 225-6101","Agriculture;Rules"
"Massachusetts","3rd","Trahan, Lori","https://trahan.house.gov","D","2233 RHOB","(202) 225-3411","Energy and Commerce"
"Massachusetts","4th","Auchincloss, Jake","https://auchincloss.house.gov","D","1524 LHOB","(202) 225-5931","Energy and Commerce"
"Massachusetts","5th","Clark, Katherine","https://katherineclark.house.gov/index.cfm/home","D","2368 RHOB","(202) 225-2836",""
"Massachusetts","6th","Moulton, Seth","https://moulton.house.gov/","D","1126 LHOB","(202) 225-8020","Armed Services;Transportation and Infrastructure;Select Comm on the Strategic Competition US and China"
"Massachusetts","7th","Pressley, Ayanna","https://pressley.house.gov","D","402 CHOB","(202) 225-5111","Financial Services;Oversight and Government Reform"
"Massachusetts","8th","Lynch, Stephen","https://lynch.house.gov/","D","2109 RHOB","(202) 225-8273","Financial Services;Oversight and Government Reform"
"Massachusetts","9th","Keating, William","https://keating.house.gov/","D","2372 RHOB","(202) 225-3111","Armed Services;Foreign Affairs"
"Michigan","1st","Bergman, Jack","https://bergman.house.gov","R","566 CHOB","(202) 225-4735","Armed Services;Budget;Veterans' Affairs"
"Michigan","2nd","Moolenaar, John","https://moolenaar.house.gov/","R","246 CHOB","(202) 225-3561","Appropriations;Select Comm on the Strategic Competition US and China"
"Michigan","3rd","Scholten, Hillary","https://scholten.house.gov","D","1317 LHOB","(202) 225-3831","Transportation and Infrastructure;Small Business"
"Michigan","4th","Huizenga, Bill","https://huizenga.house.gov/","R","2232 RHOB","(202) 225-4401","Financial Services;Foreign Affairs"
"Michigan","5th","Walberg, Tim","https://walberg.house.gov/","R","2266 RHOB","(202) 225-6276","Education and Workforce;Natural Resources"
"Michigan","6th","Dingell, Debbie","https://debbiedingell.house.gov/","D","102 CHOB","(202) 225-4071","Energy and Commerce;Natural Resources"
"Michigan","7th","Barrett, Tom","https://barrett.house.gov/","R","1232 LHOB","(202) 225-4872","Transportation and Infrastructure;Veterans' Affairs"
"Michigan","8th","McDonald Rivet, Kristen","https://mcdonaldrivet.house.gov/","D","1408 LHOB","(202) 225-3611","Agriculture;Transportation and Infrastructure"
"Michigan","9th","McClain, Lisa","https://mcclain.house.gov","R","562 CHOB","(202) 225-2106","Financial Services;Education and Workforce"
"Michigan","10th","James, John","https://james.house.gov","R","1519 LHOB","(202) 225-4961","Energy and Commerce"
"Michigan","11th","Stevens, Haley","https://stevens.house.gov/","D","2411 RHOB","(202) 225-8171","Education and Workforce;Science, Space, and Technology;Select Comm on the Strategic Competition US and China"
"Michigan","12th","Tlaib, Rashida","https://tlaib.house.gov/","D","2438 RHOB","(202) 225-5126","Financial Services;Oversight and Government Reform"
"Michigan","13th","Thanedar, Shri","https://thanedar.house.gov","D","154 CHOB","(202) 225-5802","Agriculture;Homeland Security"
"Minnesota","1st","Finstad, Brad","https://finstad.house.gov/","R","2418 RHOB","(202) 225-2472","Agriculture;Armed Services;Small Business"
"Minnesota","2nd","Craig, Angie","https://craig.house.gov","D","2052 RHOB","(202) 225-2271","Agriculture"
"Minnesota","3rd","Morrison, Kelly","https://morrison.house.gov/","D","1205 LHOB","(202) 225-2871","Small Business;Veterans' Affairs"
"Minnesota","4th","McCollum, Betty","https://mccollum.house.gov","D","2426 RHOB","(202) 225-6631","Appropriations"
"Minnesota","5th","Omar, Ilhan","https://omar.house.gov/","D","1730 LHOB","(202) 225-4755","Budget;Education and Workforce"
"Minnesota","6th","Emmer, Tom","https://emmer.house.gov/","R","326 CHOB","(202) 225-2331","Financial Services"
"Minnesota","7th","Fischbach, Michelle","https://fischbach.house.gov","R","2229 RHOB","(202) 225-2165","Rules;Ways and Means"
"Minnesota","8th","Stauber, Pete","https://stauber.house.gov","R","145 CHOB","(202) 225-6211","Natural Resources;Transportation and Infrastructure;Small Business"
"Mississippi","1st","Kelly, Trent","https://trentkelly.house.gov/","R","2243 RHOB","(202) 225-4306","Agriculture;Armed Services;Intelligence"
"Mississippi","2nd","Thompson, Bennie","https://benniethompson.house.gov/","D","2466 RHOB","(202) 225-5876","Homeland Security"
"Mississippi","3rd","Guest, Michael","https://guest.house.gov","R","450 CHOB","(202) 225-5031","Appropriations;Homeland Security;Ethics"
"Mississippi","4th","Ezell, Mike","https://ezell.house.gov","R","443 CHOB","(202) 225-5772","Natural Resources;Transportation and Infrastructure"
"Missouri","1st","Bell, Wesley","https://bell.house.gov/","D","1429 LHOB","(202) 225-2406","Armed Services;Oversight and Government Reform"
"Missouri","2nd","Wagner, Ann","https://wagner.house.gov","R","2350 RHOB","(202) 225-1621","Financial Services;Intelligence"
"Missouri","3rd","Onder, Robert","https://onder.house.gov/","R","1113 LHOB","(202) 225-2956","Education and Workforce;Judiciary;Transportation and Infrastructure"
"Missouri","4th","Alford, Mark","https://alford.house.gov","R","328 CHOB","(202) 225-2876","Appropriations;Small Business"
"Missouri","5th","Cleaver, Emanuel","https://cleaver.house.gov","D","2217 RHOB","(202) 225-4535","Financial Services"
"Missouri","6th","Graves, Sam","https://graves.house.gov/","R","1135 LHOB","(202) 225-7041","Armed Services;Transportation and Infrastructure"
"Missouri","7th","Burlison, Eric","https://burlison.house.gov","R","1108 LHOB","(202) 225-6536","Oversight and Government Reform;Transportation and Infrastructure"
"Missouri","8th","Smith, Jason","https://jasonsmith.house.gov","R","1011 LHOB","(202) 225-4404","Joint Committee on Taxation;Ways and Means"
"Montana","1st","Zinke, Ryan","https://zinke.house.gov","R","512 CHOB","(202) 225-5628","Appropriations;Foreign Affairs"
"Montana","2nd","Downing, Troy","https://downing.house.gov/","R","1529 LHOB","(202) 225-3211","Financial Services;Small Business"
"Nebraska","1st","Flood, Mike","https://flood.house.gov/","R","343 CHOB","(202) 225-4806","Financial Services"
"Nebraska","2nd","Bacon, Don","https://bacon.house.gov","R","2104 RHOB","(202) 225-4155","Agriculture;Armed Services"
"Nebraska","3rd","Smith, Adrian","https://adriansmith.house.gov/","R","502 CHOB","(202) 225-6435","Joint Committee on Taxation;Ways and Means"
"Nevada","1st","Titus, Dina","https://titus.house.gov/","D","2370 RHOB","(202) 225-5965","Foreign Affairs;Transportation and Infrastructure"
"Nevada","2nd","Amodei, Mark","https://amodei.house.gov","R","104 CHOB","(202) 225-6155","Appropriations;Natural Resources"
"Nevada","3rd","Lee, Susie","https://susielee.house.gov","D","365 CHOB","(202) 225-3252","Appropriations"
"Nevada","4th","Horsford, Steven","https://horsford.house.gov","D","406 CHOB","(202) 225-9894","Ways and Means"
"New Hampshire","1st","Pappas, Chris","https://pappas.house.gov","D","452 CHOB","(202) 225-5456","Transportation and Infrastructure;Veterans' Affairs"
"New Hampshire","2nd","Goodlander, Maggie","https://goodlander.house.gov/","D","223 CHOB","(202) 225-5206","Armed Services;Small Business"
"New Jersey","1st","Norcross, Donald","https://norcross.house.gov","D","2427 RHOB","(202) 225-6501","Armed Services;Education and Workforce"
"New Jersey","2nd","Van Drew, Jefferson","https://vandrew.house.gov","R","2447 RHOB","(202) 225-6572","Judiciary;Transportation and Infrastructure"
"New Jersey","3rd","Conaway, Herbert","https://conaway.house.gov/","D","1022 LHOB","(202) 225-4765","Small Business;Veterans' Affairs"
"New Jersey","4th","Smith, Christopher","https://chrissmith.house.gov/","R","2373 RHOB","(202) 225-3765","Foreign Affairs"
"New Jersey","5th","Gottheimer, Josh","https://gottheimer.house.gov","D","106 CHOB","(202) 225-4465","Financial Services;Intelligence"
"New Jersey","6th","Pallone, Frank","https://pallone.house.gov","D","2107 RHOB","(202) 225-4671","Energy and Commerce"
"New Jersey","7th","Kean, Thomas","https://kean.house.gov","R","251 CHOB","(202) 225-5361","Foreign Affairs;Energy and Commerce"
"New Jersey","8th","Menendez, Robert","https://menendez.house.gov","D","2453 RHOB","(202) 225-7919","Energy and Commerce"
"New Jersey","9th","Pou, Nellie","https://pou.house.gov/","D","1007 LHOB","(202) 225-5751","Homeland Security;Transportation and Infrastructure"
"New Jersey","10th","McIver, LaMonica","https://mciver.house.gov/","D","426 CHOB","(202) 225-3436","Homeland Security;Small Business"
"New Jersey","11th","Sherrill, Mikie","https://sherrill.house.gov/","D","1427 LHOB","(202) 225-5034","Armed Services;Select Comm on the Strategic Competition US and China"
"New Jersey","12th","Watson Coleman, Bonnie","https://watsoncoleman.house.gov/","D","168 CHOB","(202) 225-5801","Appropriations;Budget"
"New Mexico","1st","Stansbury, Melanie","https://stansbury.house.gov/","D","1421 LHOB","(202) 225-6316","Oversight and Government Reform;Natural Resources"
"New Mexico","2nd","Vasquez, Gabe","https://vasquez.house.gov","D","322 CHOB","(202) 225-2365","Agriculture;Armed Services"
"New Mexico","3rd","Leger Fernandez, Teresa","https://fernandez.house.gov","D","2417 RHOB","(202) 225-6190","Natural Resources;Rules"
"New York","1st","LaLota, Nick","https://lalota.house.gov","R","122 CHOB","(202) 225-3826","Appropriations;Small Business"
"New York","2nd","Garbarino, Andrew","https://garbarino.house.gov","R","2344 RHOB","(202) 225-7896","Financial Services;Homeland Security;Ethics"
"New York","3rd","Suozzi, Thomas R.","https://suozzi.house.gov","D","203 CHOB","(202) 225-3335","Ways and Means"
"New York","4th","Gillen, Laura","https://gillen.house.gov/","D","428 CHOB","(202) 225-5516","Transportation and Infrastructure;Science, Space, and Technology"
"New York","5th","Meeks, Gregory","https://meeks.house.gov","D","2310 RHOB","(202) 225-3461","Financial Services;Foreign Affairs"
"New York","6th","Meng, Grace","https://meng.house.gov","D","2468 RHOB","(202) 225-2601","Appropriations"
"New York","7th","Velazquez, Nydia","https://velazquez.house.gov","D","2302 RHOB","(202) 225-2361","Financial Services;Natural Resources;Small Business"
"New York","8th","Jeffries, Hakeem","https://jeffries.house.gov","D","2267 RHOB","(202) 225-5936",""
"New York","9th","Clarke, Yvette","https://clarke.house.gov/","D","2058 RHOB","(202) 225-6231","Energy and Commerce"
"New York","10th","Goldman, Daniel","https://goldman.house.gov","D","245 CHOB","(202) 225-7944","Homeland Security;Judiciary"
"New York","11th","Malliotakis, Nicole","https://malliotakis.house.gov","R","1124 LHOB","(202) 225-3371","Ways and Means"
"New York","12th","Nadler, Jerrold","https://nadler.house.gov","D","2132 RHOB","(202) 225-5635","Judiciary;Transportation and Infrastructure"
"New York","13th","Espaillat, Adriano","https://espaillat.house.gov","D","2332 RHOB","(202) 225-4365","Appropriations"
"New York","14th","Ocasio-Cortez, Alexandria","https://ocasio-cortez.house.gov/","D","250 CHOB","(202) 225-3965","Energy and Commerce"
"New York","15th","Torres, Ritchie","https://ritchietorres.house.gov","D","1414 LHOB","(202) 225-4361","Financial Services;Select Comm on the Strategic Competition US and China"
"New York","16th","Latimer, George","https://latimer.house.gov/","D","1507 LHOB","(202) 225-2464","Foreign Affairs;Small Business"
"New York","17th","Lawler, Michael","https://lawler.house.gov","R","324 CHOB","(202) 225-6506","Financial Services;Foreign Affairs"
"New York","18th","Ryan, Patrick","https://patryan.house.gov/","D","1708 LHOB","(202) 225-5614","Armed Services;Transportation and Infrastructure"
"New York","19th","Riley, Josh","https://riley.house.gov/","D","128 CHOB","(202) 225-5441","Agriculture;Science, Space, and Technology"
"New York","20th","Tonko, Paul","https://tonko.house.gov/","D","2269 RHOB","(202) 225-5076","Budget;Energy and Commerce"
"New York","21st","Stefanik, Elise","https://stefanik.house.gov/","R","2211 RHOB","(202) 225-4611","Armed Services;Education and Workforce"
"New York","22nd","Mannion, John","https://mannion.house.gov/","D","1516 LHOB","(202) 225-3701","Agriculture;Education and Workforce"
"New York","23rd","Langworthy, Nicholas","https://langworthy.house.gov","R","422 CHOB","(202) 225-3161","Oversight and Government Reform;Energy and Commerce;Rules"
"New York","24th","Tenney, Claudia","https://tenney.house.gov/","R","2230 RHOB","(202) 225-3665","Intelligence;Science, Space, and Technology;Ways and Means"
"New York","25th","Morelle, Joseph","https://morelle.house.gov","D","570 CHOB","(202) 225-3615","Appropriations;House Administration;Joint Committee of Congress on the Library"
"New York","26th","Kennedy, Timothy","https://kennedy.house.gov","D","423 CHOB","(202) 225-3306","Homeland Security;Veterans' Affairs"
"North Carolina","1st","Davis, Donald","https://dondavis.house.gov","D","1123 LHOB","(202) 225-3101","Agriculture;Armed Services"
"North Carolina","2nd","Ross, Deborah","https://ross.house.gov","D","1221 LHOB","(202) 225-3032","Judiciary;Ethics;Science, Space, and Technology"
"North Carolina","3rd","Murphy, Gregory","https://murphy.house.gov","R","407 CHOB","(202) 225-3415","House Administration;Veterans' Affairs;Ways and Means"
"North Carolina","4th","Foushee, Valerie","https://foushee.house.gov","D","2452 RHOB","(202) 225-1784","Transportation and Infrastructure;Science, Space, and Technology"
"North Carolina","5th","Foxx, Virginia","https://foxx.house.gov/","R","2462 RHOB","(202) 225-2071","Education and Workforce;Oversight and Government Reform;Rules"
"North Carolina","6th","McDowell, Addison","https://mcdowell.house.gov/","R","1032 LHOB","(202) 225-3065","Budget;Natural Resources;Transportation and Infrastructure"
"North Carolina","7th","Rouzer, David","https://rouzer.house.gov/","R","2333 RHOB","(202) 225-2731","Agriculture;Transportation and Infrastructure;Science, Space, and Technology"
"North Carolina","8th","Harris, Mark","https://markharris.house.gov/","R","126 CHOB","(202) 225-1976","Agriculture;Education and Workforce;Judiciary"
"North Carolina","9th","Hudson, Richard","https://hudson.house.gov","R","2112 RHOB","(202) 225-3715","Energy and Commerce"
"North Carolina","10th","Harrigan, Pat","https://harrigan.house.gov/","R","1233 LHOB","(202) 225-2576","Armed Services;Science, Space, and Technology"
"North Carolina","11th","Edwards, Chuck","https://edwards.house.gov","R","1505 LHOB","(202) 225-6401","Appropriations;Budget"
"North Carolina","12th","Adams, Alma","https://adams.house.gov","D","2436 RHOB","(202) 225-1510","Agriculture;Education and Workforce"
"North Carolina","13th","Knott, Brad","https://knott.house.gov/","R","1239 LHOB","(202) 225-4531","Homeland Security;Judiciary;Transportation and Infrastructure"
"North Carolina","14th","Moore, Tim","https://timmoore.house.gov/","R","1424 LHOB","(202) 225-5634","Financial Services;Budget"
"North Dakota","At Large","Fedorchak, Julie","https://fedorchak.house.gov/","R","1607 LHOB","(202) 225-2611","Energy and Commerce"
"Northern Mariana Islands","Delegate","King-Hinds, Kimberlyn","https://king-hinds.house.gov/","R","425 CHOB","(202) 225-2646","Transportation and Infrastructure;Small Business;Veterans' Affairs"
"Ohio","1st","Landsman, Greg","https://landsman.house.gov","D","2244 RHOB","(202) 225-2216","Energy and Commerce"
"Ohio","2nd","Taylor, David","https://taylor.house.gov/","R","325 CHOB","(202) 225-3164","Agriculture;Transportation and Infrastructure"
"Ohio","3rd","Beatty, Joyce","https://beatty.house.gov","D","2079 RHOB","(202) 225-4324","Financial Services"
"Ohio","4th","Jordan, Jim","https://jordan.house.gov/","R","2056 RHOB","(202) 225-2676","Oversight and Government Reform;Judiciary"
"Ohio","5th","Latta, Robert","https://latta.house.gov/","R","2470 RHOB","(202) 225-6405","Energy and Commerce"
"Ohio","6th","Rulli, Michael A.","https://rulli.house.gov","R","421 CHOB","(202) 225-5705","Education and Workforce;Energy and Commerce"
"Ohio","7th","Miller, Max","https://maxmiller.house.gov","R","143 CHOB","(202) 225-3876","Science, Space, and Technology;Ways and Means"
"Ohio","8th","Davidson, Warren","https://davidson.house.gov/","R","2113 RHOB","(202) 225-6205","Financial Services;Foreign Affairs"
"Ohio","9th","Kaptur, Marcy","https://kaptur.house.gov/","D","2314 RHOB","(202) 225-4146","Appropriations;Budget"
"Ohio","10th","Turner, Michael","https://turner.house.gov/","R","2183 RHOB","(202) 225-6465","Armed Services;Oversight and Government Reform"
"Ohio","11th","Brown, Shontel","https://shontelbrown.house.gov","D","2455 RHOB","(202) 225-7032","Agriculture;Oversight and Government Reform;Select Comm on the Strategic Competition US and China"
"Ohio","12th","Balderson, Troy","https://balderson.house.gov","R","2429 RHOB","(202) 225-5355","Energy and Commerce"
"Ohio","13th","Sykes, Emilia","https://sykes.house.gov","D","1217 LHOB","(202) 225-6265","Transportation and Infrastructure;Science, Space, and Technology"
"Ohio","14th","Joyce, David","https://joyce.house.gov","R","2065 RHOB","(202) 225-5731","Appropriations"
"Ohio","15th","Carey, Mike","https://carey.house.gov","R","1433 LHOB","(202) 225-2015","Budget;House Administration;Joint Committee of Congress on the Library;Ways and Means"
"Oklahoma","1st","Hern, Kevin","https://hern.house.gov","R","171 CHOB","(202) 225-2211","Ways and Means"
"Oklahoma","2nd","Brecheen, Josh","https://brecheen.house.gov","R","351 CHOB","(202) 225-2701","Budget;Homeland Security"
"Oklahoma","3rd","Lucas, Frank","https://lucas.house.gov","R","2405 RHOB","(202) 225-5565","Agriculture;Financial Services"
"Oklahoma","4th","Cole, Tom","https://cole.house.gov","R","2207 RHOB","(202) 225-6165","Appropriations"
"Oklahoma","5th","Bice, Stephanie","https://bice.house.gov","R","2402 RHOB","(202) 225-2132","Appropriations;House Administration"
"Oregon","1st","Bonamici, Suzanne","https://bonamici.house.gov","D","2231 RHOB","(202) 225-0855","Education and Workforce;Science, Space, and Technology"
"Oregon","2nd","Bentz, Cliff","https://bentz.house.gov","R","409 CHOB","(202) 225-6730","Energy and Commerce;Natural Resources"
"Oregon","3rd","Dexter, Maxine","https://dexter.house.gov/","D","1207 LHOB","(202) 225-4811","Natural Resources;Veterans' Affairs"
"Oregon","4th","Hoyle, Val","https://hoyle.house.gov","D","1620 LHOB","(202) 225-6416","Natural Resources;Transportation and Infrastructure"
"Oregon","5th","Bynum, Janelle","https://bynum.house.gov/","D","1508 LHOB","(202) 225-5711","Financial Services"
"Oregon","6th","Salinas, Andrea","https://salinas.house.gov","D","403 CHOB","(202) 225-5643","Agriculture;Science, Space, and Technology"
"Pennsylvania","1st","Fitzpatrick, Brian","https://fitzpatrick.house.gov/","R","271 CHOB","(202) 225-4276","Intelligence;Ways and Means"
"Pennsylvania","2nd","Boyle, Brendan","https://boyle.house.gov/","D","1502 LHOB","(202) 225-6111","Budget;Ways and Means"
"Pennsylvania","3rd","Evans, Dwight","https://evans.house.gov/","D","1105 LHOB","(202) 225-4001","Ways and Means"
"Pennsylvania","4th","Dean, Madeleine","https://dean.house.gov","D","150 CHOB","(202) 225-4731","Appropriations;Foreign Affairs"
"Pennsylvania","5th","Scanlon, Mary Gay","https://scanlon.house.gov/","D","1214 LHOB","(202) 225-2011","Judiciary;Rules"
"Pennsylvania","6th","Houlahan, Chrissy","https://houlahan.house.gov/","D","1727 LHOB","(202) 225-4315","Armed Services;Intelligence"
"Pennsylvania","7th","Mackenzie, Ryan","https://mackenzie.house.gov/","R","121 CHOB","(202) 225-6411","Education and Workforce;Foreign Affairs;Homeland Security"
"Pennsylvania","8th","Bresnahan, Robert","https://bresnahan.house.gov/","R","1133 LHOB","(202) 225-5546","Agriculture;Transportation and Infrastructure;Small Business"
"Pennsylvania","9th","Meuser, Daniel","https://meuser.house.gov","R","350 CHOB","(202) 225-6511","Financial Services;Small Business"
"Pennsylvania","10th","Perry, Scott","https://perry.house.gov/","R","2160 RHOB","(202) 225-5836","Foreign Affairs;Oversight and Government Reform;Intelligence;Transportation and Infrastructure"
"Pennsylvania","11th","Smucker, Lloyd","https://smucker.house.gov/","R","302 CHOB","(202) 225-2411","Budget;Ways and Means"
"Pennsylvania","12th","Lee, Summer","https://summerlee.house.gov","D","2437 RHOB","(202) 225-2135","Education and Workforce;Oversight and Government Reform"
"Pennsylvania","13th","Joyce, John","https://johnjoyce.house.gov/","R","2102 RHOB","(202) 225-2431","Energy and Commerce"
"Pennsylvania","14th","Reschenthaler, Guy","https://reschenthaler.house.gov/","R","2209 RHOB","(202) 225-2065","Appropriations"
"Pennsylvania","15th","Thompson, Glenn","https://thompson.house.gov","R","400 CHOB","(202) 225-5121","Agriculture;Education and Workforce"
"Pennsylvania","16th","Kelly, Mike","https://kelly.house.gov","R","1707 LHOB","(202) 225-5406","Ways and Means"
"Pennsylvania","17th","Deluzio, Christopher","https://deluzio.house.gov","D","1222 LHOB","(202) 225-2301","Armed Services;Transportation and Infrastructure"
"Puerto Rico","Resident Commissioner","Hernandez, Pablo","https://hernandez.house.gov/","D","1419 LHOB","(202) 225-2615","Homeland Security;Natural Resources"
"Rhode Island","1st","Amo, Gabe","https://amo.house.gov","D","1119 LHOB","(202) 225-4911","Budget;Foreign Affairs;Science, Space, and Technology"
"Rhode Island","2nd","Magaziner, Seth","https://magaziner.house.gov","D","252 CHOB","(202) 225-2735","Homeland Security;Natural Resources"
"South Carolina","1st","Mace, Nancy","https://mace.house.gov","R","1728 LHOB","(202) 225-3176","Armed Services;Oversight and Government Reform;Veterans' Affairs"
"South Carolina","2nd","Wilson, Joe","https://joewilson.house.gov/","R","1436 LHOB","(202) 225-2452","Armed Services;Education and Workforce;Foreign Affairs"
"South Carolina","3rd","Biggs, Sheri","https://sheribiggs.house.gov/","R","1530 LHOB","(202) 225-5301","Foreign Affairs;Homeland Security;Science, Space, and Technology"
"South Carolina","4th","Timmons, William","https://timmons.house.gov/","R","267 CHOB","(202) 225-6030","Financial Services;Oversight and Government Reform"
"South Carolina","5th","Norman, Ralph","https://norman.house.gov","R","569 CHOB","(202) 225-5501","Financial Services;Budget;Rules"
"South Carolina","6th","Clyburn, James","https://clyburn.house.gov/","D","274 CHOB","(202) 225-3315","Appropriations"
"South Carolina","7th","Fry, Russell","https://fry.house.gov","R","345 CHOB","(202) 225-9895","Energy and Commerce;Judiciary"
"South Dakota","At Large","Johnson, Dusty","https://dustyjohnson.house.gov/","R","1714 LHOB","(202) 225-2801","Agriculture;Transportation and Infrastructure;Select Comm on the Strategic Competition US and China"
"Tennessee","1st","Harshbarger, Diana","https://harshbarger.house.gov","R","167 CHOB","(202) 225-6356","Energy and Commerce"
"Tennessee","2nd","Burchett, Tim","https://burchett.house.gov","R","1122 LHOB","(202) 225-5435","Foreign Affairs;Oversight and Government Reform;Transportation and Infrastructure"
"Tennessee","3rd","Fleischmann, Charles","https://fleischmann.house.gov/","R","2187 RHOB","(202) 225-3271","Appropriations;Science, Space, and Technology"
"Tennessee","4th","DesJarlais, Scott","https://desjarlais.house.gov/","R","2304 RHOB","(202) 225-6831","Agriculture;Armed Services"
"Tennessee","5th","Ogles, Andrew","https://ogles.house.gov","R","151 CHOB","(202) 225-4311","Financial Services;Homeland Security"
"Tennessee","6th","Rose, John","https://johnrose.house.gov/","R","2238 RHOB","(202) 225-4231","Agriculture;Financial Services"
"Tennessee","7th","Green, Mark","https://markgreen.house.gov/","R","2446 RHOB","(202) 225-2811","Foreign Affairs;Homeland Security"
"Tennessee","8th","Kustoff, David","https://kustoff.house.gov","R","560 CHOB","(202) 225-4714","Ways and Means"
"Tennessee","9th","Cohen, Steve","https://cohen.house.gov/","D","2268 RHOB","(202) 225-3265","Judiciary;Transportation and Infrastructure"
"Texas","1st","Moran, Nathaniel","https://moran.house.gov","R","1605 LHOB","(202) 225-3035","Ethics;Ways and Means;Select Comm on the Strategic Competition US and China"
"Texas","2nd","Crenshaw, Dan","https://crenshaw.house.gov/","R","248 CHOB","(202) 225-6565","Energy and Commerce;Intelligence"
"Texas","3rd","Self, Keith","https://keithself.house.gov","R","1030 LHOB","(202) 225-4201","Foreign Affairs;Science, Space, and Technology;Veterans' Affairs"
"Texas","4th","Fallon, Pat","https://fallon.house.gov","R","2416 RHOB","(202) 225-6673","Armed Services;Oversight and Government Reform;Intelligence"
"Texas","5th","Gooden, Lance","https://gooden.house.gov","R","2431 RHOB","(202) 225-3484","Armed Services;Judiciary"
"Texas","6th","Ellzey, Jake","https://ellzey.house.gov/","R","1721 LHOB","(202) 225-2002","Appropriations;Small Business"
"Texas","7th","Fletcher, Lizzie","https://fletcher.house.gov","D","2004 RHOB","(202) 225-2571","Energy and Commerce"
"Texas","8th","Luttrell, Morgan","https://luttrell.house.gov","R","444 CHOB","(202) 225-4901","Armed Services;Homeland Security;Veterans' Affairs"
"Texas","9th","Green, Al","https://algreen.house.gov","D","2347 RHOB","(202) 225-7508","Financial Services"
"Texas","10th","McCaul, Michael","https://mccaul.house.gov","R","2300 RHOB","(202) 225-2401","Foreign Affairs;Homeland Security"
"Texas","11th","Pfluger, August","https://pfluger.house.gov","R","2202 RHOB","(202) 225-3605","Homeland Security;Energy and Commerce"
"Texas","12th","Goldman, Craig","https://craiggoldman.house.gov/","R","1716 LHOB","(202) 225-5071","Energy and Commerce"
"Texas","13th","Jackson, Ronny","https://jackson.house.gov","R","125 CHOB","(202) 225-3706","Agriculture;Armed Services;Foreign Affairs;Intelligence"
"Texas","14th","Weber, Randy","https://weber.house.gov","R","107 CHOB","(202) 225-2831","Energy and Commerce;Science, Space, and Technology"
"Texas","15th","De La Cruz, Monica","https://delacruz.house.gov","R","1415 LHOB","(202) 225-9901","Agriculture;Financial Services"
"Texas","16th","Escobar, Veronica","https://escobar.house.gov","D","2448 RHOB","(202) 225-4831","Appropriations;Budget"
"Texas","17th","Sessions, Pete","https://sessions.house.gov","R","2204 RHOB","(202) 225-6105","Financial Services;Oversight and Government Reform"
"Texas","18th","Turner, Sylvester- Vacancy","https://clerk.house.gov/members/TX18/vacancy","D","1318 LHOB","(202) 225-3816",""
"Texas","19th","Arrington, Jodey","https://arrington.house.gov","R","1111 LHOB","(202) 225-4005","Budget;Ways and Means"
"Texas","20th","Castro, Joaquin","https://castro.house.gov","D","2241 RHOB","(202) 225-3236","Foreign Affairs;Intelligence"
"Texas","21st","Roy, Chip","https://roy.house.gov","R","103 CHOB","(202) 225-4236","Budget;Judiciary;Rules"
"Texas","22nd","Nehls, Troy","https://nehls.house.gov","R","1104 LHOB","(202) 225-5951","Judiciary;Transportation and Infrastructure"
"Texas","23rd","Gonzales, Tony","https://gonzales.house.gov","R","2239 RHOB","(202) 225-4511","Appropriations;Homeland Security"
"Texas","24th","Van Duyne, Beth","https://vanduyne.house.gov","R","1725 LHOB","(202) 225-6605","Small Business;Ways and Means"
"Texas","25th","Williams, Roger","https://williams.house.gov","R","2336 RHOB","(202) 225-9896","Financial Services;Small Business"
"Texas","26th","Gill, Brandon","https://gill.house.gov/","R","1305 LHOB","(202) 225-7772","Budget;Oversight and Government Reform;Judiciary"
"Texas","27th","Cloud, Michael","https://cloud.house.gov","R","304 CHOB","(202) 225-7742","Appropriations;Oversight and Government Reform"
"Texas","28th","Cuellar, Henry","https://cuellar.house.gov/","D","2308 RHOB","(202) 225-1640","Appropriations"
"Texas","29th","Garcia, Sylvia","https://sylviagarcia.house.gov/","D","2419 RHOB","(202) 225-1688","Financial Services;Ethics"
"Texas","30th","Crockett, Jasmine","https://crockett.house.gov","D","1616 LHOB","(202) 225-8885","Oversight and Government Reform;Judiciary"
"Texas","31st","Carter, John","https://carter.house.gov/","R","2208 RHOB","(202) 225-3864","Appropriations"
"Texas","32nd","Johnson, Julie","https://juliejohnson.house.gov/","D","221 CHOB","(202) 225-2231","Foreign Affairs;House Administration;Homeland Security;Joint Committee of Congress on the Library"
"Texas","33rd","Veasey, Marc","https://veasey.house.gov","D","2186 RHOB","(202) 225-9897","Energy and Commerce"
"Texas","34th","Gonzalez, Vicente","https://gonzalez.house.gov","D","1201 LHOB","(202) 225-2531","Financial Services"
"Texas","35th","Casar, Greg","https://casar.house.gov","D","446 CHOB","(202) 225-5645","Education and Workforce;Oversight and Government Reform"
"Texas","36th","Babin, Brian","https://babin.house.gov","R","2236 RHOB","(202) 225-1555","Transportation and Infrastructure;Science, Space, and Technology"
"Texas","37th","Doggett, Lloyd","https://doggett.house.gov","D","2307 RHOB","(202) 225-4865","Budget;Joint Committee on Taxation;Ways and Means"
"Texas","38th","Hunt, Wesley","https://hunt.house.gov","R","1520 LHOB","(202) 225-5646","Natural Resources;Judiciary"
"Utah","1st","Moore, Blake","https://blakemoore.house.gov","R","1131 LHOB","(202) 225-0453","Budget;Ways and Means"
"Utah","2nd","Maloy, Celeste","https://maloy.house.gov","R","249 CHOB","(202) 225-9730","Appropriations;Natural Resources"
"Utah","3rd","Kennedy, Mike","https://mikekennedy.house.gov/","R","1626 LHOB","(202) 225-7751","Natural Resources;Transportation and Infrastructure;Science, Space, and Technology"
"Utah","4th","Owens, Burgess","https://owens.house.gov","R","309 CHOB","(202) 225-3011","Education and Workforce;Transportation and Infrastructure"
"Vermont","At Large","Balint, Becca","https://balint.house.gov","D","1510 LHOB","(202) 225-4115","Budget;Judiciary"
"Virginia","1st","Wittman, Robert","https://wittman.house.gov/","R","2055 RHOB","(202) 225-4261","Armed Services;Natural Resources;Select Comm on the Strategic Competition US and China"
"Virginia","2nd","Kiggans, Jennifer","https://kiggans.house.gov","R","152 CHOB","(202) 225-4215","Armed Services;Natural Resources;Veterans' Affairs"
"Virginia","3rd","Scott, Robert","https://bobbyscott.house.gov","D","2328 RHOB","(202) 225-8351","Budget;Education and Workforce"
"Virginia","4th","McClellan, Jennifer","https://mcclellan.house.gov/","D","1628 LHOB","(202) 225-6365","Energy and Commerce"
"Virginia","5th","McGuire, John","https://mcguire.house.gov/","R","1013 LHOB","(202) 225-4711","Armed Services;Oversight and Government Reform"
"Virginia","6th","Cline, Ben","https://cline.house.gov","R","2443 RHOB","(202) 225-5431","Appropriations;Budget;Intelligence;Judiciary"
"Virginia","7th","Vindman, Eugene","https://vindman.house.gov/","D","1005 LHOB","(202) 225-2815","Agriculture;Armed Services"
"Virginia","8th","Beyer, Donald","https://beyer.house.gov","D","1226 LHOB","(202) 225-4376","Ways and Means"
"Virginia","9th","Griffith, H.","https://morgangriffith.house.gov/","R","2110 RHOB","(202) 225-3861","House Administration;Energy and Commerce;Rules"
"Virginia","10th","Subramanyam, Suhas","https://subramanyam.house.gov/","D","1009 LHOB","(202) 225-5136","Oversight and Government Reform;Ethics;Science, Space, and Technology"
"Virginia","11th","Connolly, Gerald","https://connolly.house.gov/","D","2265 RHOB","(202) 225-1492","Foreign Affairs;Oversight and Government Reform"
"Virgin Islands","Delegate","Plaskett, Stacey","https://plaskett.house.gov/","D","2059 RHOB","(202) 225-1790","Budget;Intelligence;Ways and Means"
"Washington","1st","DelBene, Suzan","https://delbene.house.gov","D","2311 RHOB","(202) 225-6311","Ways and Means"
"Washington","2nd","Larsen, Rick","https://larsen.house.gov","D","2163 RHOB","(202) 225-2605","Transportation and Infrastructure"
"Washington","3rd","Perez, Marie","https://gluesenkampperez.house.gov","D","1431 LHOB","(202) 225-3536","Appropriations"
"Washington","4th","Newhouse, Dan","https://newhouse.house.gov","R","460 CHOB","(202) 225-5816","Agriculture;Appropriations;Select Comm on the Strategic Competition US and China"
"Washington","5th","Baumgartner, Michael","https://baumgartner.house.gov/","R","124 CHOB","(202) 225-2006","Education and Workforce;Foreign Affairs;Judiciary"
"Washington","6th","Randall, Emily","https://randall.house.gov/","D","1531 LHOB","(202) 225-5916","Oversight and Government Reform;Natural Resources"
"Washington","7th","Jayapal, Pramila","https://jayapal.house.gov","D","2346 RHOB","(202) 225-3106","Budget;Foreign Affairs;Judiciary"
"Washington","8th","Schrier, Kim","https://schrier.house.gov","D","1110 LHOB","(202) 225-7761","Energy and Commerce"
"Washington","9th","Smith, Adam","https://adamsmith.house.gov/","D","2264 RHOB","(202) 225-8901","Armed Services"
"Washington","10th","Strickland, Marilyn","https://strickland.house.gov","D","1724 LHOB","(202) 225-9740","Armed Services;Transportation and Infrastructure"
"West Virginia","1st","Miller, Carol","https://miller.house.gov/","R","465 CHOB","(202) 225-3452","Ways and Means"
"West Virginia","2nd","Moore, Riley","https://rileymoore.house.gov/","R","1337 LHOB","(202) 225-2711","Appropriations"
"Wisconsin","1st","Steil, Bryan","https://steil.house.gov","R","1526 LHOB","(202) 225-3031","Financial Services;House Administration;Joint Committee of Congress on the Library"
"Wisconsin","2nd","Pocan, Mark","https://pocan.house.gov","D","1026 LHOB","(202) 225-2906","Appropriations"
"Wisconsin","3rd","Van Orden, Derrick","https://vanorden.house.gov","R","1513 LHOB","(202) 225-5506","Agriculture;Armed Services;Veterans' Affairs"
"Wisconsin","4th","Moore, Gwen","https://gwenmoore.house.gov","D","2252 RHOB","(202) 225-4572","Ways and Means"
"Wisconsin","5th","Fitzgerald, Scott","https://fitzgerald.house.gov","R","2444 RHOB","(202) 225-5101","Financial Services;Judiciary"
"Wisconsin","6th","Grothman, Glenn","https://grothman.house.gov","R","1211 LHOB","(202) 225-2476","Budget;Education and Workforce;Oversight and Government Reform;Judiciary"
"Wisconsin","7th","Tiffany, Thomas","https://tiffany.house.gov/","R","451 CHOB","(202) 225-3365","Natural Resources;Judiciary"
"Wisconsin","8th","Wied, Tony","https://wied.house.gov/","R","424 CHOB","(202) 225-5665","Agriculture;Transportation and Infrastructure;Small Business"
"Wyoming","At Large","Hageman, Harriet","https://hageman.house.gov","R","1227 LHOB","(202) 225-2311","Natural Resources;Judiciary"
